{
  "unet": {
    "best_epoch": 2,
    "WT": {
      "dice": 0.8585082153828605,
      "iou": 0.7614939727825332,
      "hd95": 15.470804490416798
    },
    "TC": {
      "dice": 0.7676739553370885,
      "iou": 0.6687078828883276,
      "hd95": 14.271652889459189
    },
    "ET": {
      "dice": 0.6980539940920271,
      "iou": 0.5783073290878546,
      "hd95": 24.974033629381683
    }
  },
  "resunet": {
    "best_epoch": 35,
    "WT": {
      "dice": 0.9003194686223822,
      "iou": 0.8276548799488967,
      "hd95": 3.9602950571029347
    },
    "TC": {
      "dice": 0.7910357212714895,
      "iou": 0.7085317894774662,
      "hd95": 10.118003516698476
    },
    "ET": {
      "dice": 0.8002086889046345,
      "iou": 0.6924051610271927,
      "hd95": 4.081473894035516
    }
  },
  "transunet": {
    "best_epoch": 3,
    "WT": {
      "dice": 0.8720628227715677,
      "iou": 0.7837164987903754,
      "hd95": 13.959347843257474
    },
    "TC": {
      "dice": 0.7785199734273276,
      "iou": 0.6892493198841666,
      "hd95": 10.664617542126754
    },
    "ET": {
      "dice": 0.7308656311022584,
      "iou": 0.6196902353814318,
      "hd95": 25.575908658617998
    }
  }
}